,No,Name,Artist,Track ID
1,5,Independent Women Part I,Destiny's Child,69XUpOpjzDKcfdxqZebGiI
2,8,"Maria, Maria",Santana,3fucYASejkSMwtAYjFRKlF
3,10,Let Me Love You,Mario,3ibKnFDaa3GhpPGlOUj7ff
4,13,Baby Boy,Beyoncé,4WY3HyGXsWqjFRCVD6gnTe
5,15,Burn,Usher,7z3N2W7Xz1t2G2sAO8wFVH
6,16,Crazy In Love,Beyoncé,5IVuqXILoxVWvWEPm82Jxr
7,19,All For You,Janet,0UdqZQEbRWTkNXlh5kl2L8
8,22,Fallin',Alicia Keys,0KQx6HOpJueiSkztcS0r7D
9,24,Ain't It Funny,Jennifer Lopez,01ITmYotdoow6gqRXv7oMo
10,26,Lady Marmalade,Christina Aguilera,7GQqj9jRtDkMp8zByehXQI
11,27,Run It!,Chris Brown,6SPD3JwwRejBhCDiQAQ4he
12,31,Stutter,Joe,5Ie2Ef5DBx9QZbXRAbIbk9
13,33,Music,Madonna,27cXevtj5VflsCUAZwr9eI
14,35,All I Have,Jennifer Lopez,3kgutGd839IOYRl6ekeq6V
15,39,Lean Back,Terror Squad,0rZAuePyZoXTxaXPDsH0tG
16,42,Doesn't Really Matter,Janet,5AE7wPSIZ5f9hcgBA83nC6
17,43,Be With You,Enrique Iglesias,1lZ4j5WBURBwZ0M5TT46wP
18,47,Slow Motion,Juvenile,6ihObRBTB8xdSH2mlERtOX
19,49,It's Gonna Be Me,N'Sync,2AW37v0bDyuOzGP3XnmFuA
20,50,Incomplete,Sisqo,6cgojBLcbd20SSITZ1VYTo
21,52,Butterfly,Crazy Town,4BggEwLhGfrbrl7JBhC8EC
22,56,This Is The Night,Clay Aiken,2xnVdRMaQBkRfZyefKC2ec
23,58,Bent,matchbox twenty,6fA7akEuTUL3dW1V0GELaZ
24,61,Try Again,Aaliyah,NA
25,62,Stand Up,Ludacris,2CtCwQhY0ZLvr8L2l8Bo6e
26,63,Angel,Shaggy,4yxKbzUC9auTZR9rTvFOTr
27,66,"Bump, Bump, Bump",B2K,6FTJuZtQZvmPPRFmrcno9J
28,69,I Believe,Fantasia,2zZJnAlhgvW6DERn1tu3fb
29,72,Breathe,Faith Hill,3y4LxiYMgDl4RethdzpmNe
30,74,The Reason,Hoobastank,4x3SQvTgvqSTU3nOL1urZh
31,82,Don't Cha,"Pussycat Dolls, The",1gZ7i4qxXkHZb1r6eioaAP
32,83,Complicated,Avril Lavigne,5xEM5hIgJ1jjgcEBfpkt2F
33,85,What's Luv?,Fat Joe,2eSJflipjhSKLExuSwuFrO
34,88,Case Of The Ex (Whatcha Gonna Do),Mya,1ak0S3NhwWrUgNlQhJ1412
35,89,Beautiful,Christina Aguilera,3TCauNPqFiniaYHBvEVoHG
36,90,Work It,"Missy ""Misdemeanor"" Elliott",3jagJCUbdqhDSPuxP8cAqF
37,94,He Loves U Not,Dream,NA
38,95,Shake It Off,Mariah Carey,4VKnkoNNM6yTb4cXXX3wqD
39,96,Oh,Ciara,7i7UIbm5E0DD7aSOYvwp2v
40,98,I Need A Girl (Part One),P. Diddy,7lVNTXkI3cHFvcXiI8damb
41,99,Hate It Or Love It,"Game, The",04GRz5WkRVmPSGuZFJnuma
42,100,Sunshine,Lil' Flip,3FaUH7ZMjW1hv9Jx6MIAIf
43,102,Back At One,Brian McKnight,6mwA6YiKDjAUG8kWvRRUPh
44,104,One Call Away,Chingy,3LRGNzjh8UwEf8vSx1TLp2
45,106,Survivor,Destiny's Child,2Mpj1Ul5OFPyyP4wB62Rvi
46,107,Photograph,Nickelback,2wdEXKLcuU7B0M2gqFmABH
47,108,Give Me Just One Night (Una Noche),98°,5AidfyuWk9NlMGLW7IJe1X
48,110,Flying Without Wings,Ruben Studdard,4vzYcDxBXAUPYDUna4BVeE
49,111,Loverboy,Mariah Carey,0rtDDIIiHZL19ZLUwGR74C
50,112,Inside Your Heaven,Bo Bice,6SZBK8Z2Tdv7vgO3ZJnHTN
51,113,Kryptonite,3 Doors Down,6ZOBP3NvffbU4SZcrnt1k6
52,114,Miss You,Aaliyah,NA
53,115,Thankyou,Dido,NA
54,118,Hero,Enrique Iglesias,24Gxm7Eh7tO83E26LG0CsY
55,123,Over And Over,Nelly,1cNBk9UqXEvy2s5g7yBbIS
56,124,Don't Phunk With My Heart,"Black Eyed Peas, The",4MtDnnAJ1AtWit10FRmZdW
57,129,P.I.M.P.,50 Cent,79HOQuvfM2rBOlbCHfNuPb
58,132,Soldier,Destiny's Child,4FTOpNYcGxnQdGNWSxIcio
59,133,Hey Ma,Cam'ron,0Uhnzk5zI46IRlQ04LNOtc
60,135,Naughty Girl,Beyonce,0YGQ3hZcRLC5YX7o0hdmHg
61,136,Hero,Chad Kroeger,779ooI3rBd0CLqCiiJmtVo
62,137,My Humps,"Black Eyed Peas, The",19JdbdEwQI7bCxefMokZO8
63,138,Like You,Bow Wow,5dLvErR6RBbMMvGuDMdur2
64,143,Obsession (No Es Amor),Frankie J.,1ENn0qD09GHn7xvfyiq6i5
65,146,Someone To Call My Lover,Janet,3cNtjgYi1Z6zR35fOiNtuZ
66,149,All Or Nothing,O-Town,1z35crfs2inLHpArGKuHFd
67,150,My Baby,Lil' Romeo,NA
68,152,Grillz,Nelly,6VUmPW4P9jz0JIXVHX7Rfp
69,154,I Wanna Know,Joe,NA
70,155,When I'm Gone,3 Doors Down,3WbphvawbMZ8FyqDxYGdSQ
71,156,Again,Lenny Kravitz,16gvJsVyauI16RqmOrwJJk
72,157,Picture,Kid Rock,69j0KoPJuwpnbGWrfn7Yll
73,158,Picture,Kid Rock,69j0KoPJuwpnbGWrfn7Yll
74,160,Peaches & Cream,112,2SLZ2rX5773RS16mcqBxG7
75,161,Damn!,YoungBloodZ,1fqaxKmpfFOZ9JHDWUEVpB
76,163,I'm With You,Avril Lavigne,1jlG3KJ3gdYmhfuySFfpO1
77,164,Into You,Fabolous,4b5aJdOgxps6z0dPe6wCHF
78,165,Into You,Fabolous,4b5aJdOgxps6z0dPe6wCHF
79,166,Most Girls,Pink,6gEioWsXbaNY025YFTYaBE
80,167,I Need A Girl (Part Two),P. Diddy,6Wt5QBzHp9vdSLAFlvdnDQ
81,168,Bye Bye Bye,N'Sync,62bOmKYxYg7dhrC6gH9vFn
82,169,How We Do,"Game, The",4PmMVdIFpJTB9WQbmILf4p
83,172,'03 Bonnie & Clyde,Jay-Z,NA
84,173,Get The Party Started,Pink,4bk78jvK8Fe9YHqruOJW0v
85,174,Turn Me On,Kevin Lyttle,0RmXtDH1cBMGImRrmn5xL6
86,176,"Me, Myself & I",Beyonce,6XsT5UGfpaFeHQf5LRIy4W
87,177,Let Me Hold You,Bow Wow,1oNToERLIN71YCPLbRIQGQ
88,178,Hotel,Cassidy,4hHXhCRSnOKd6nMGaivmD0
89,180,Don't Tell Me,Madonna,7DOtIhTTpPZyjvbO509hSC
90,181,Oh Boy,Cam'ron,4gdQ8QShlC3toP9Mkc8DwB
91,182,My Place,Nelly,1NAyvpW70a9lxY0YlLWFV4
92,184,Soul Survivor,Young Jeezy,4aX78cL9ySD2GNGHbQLnIu
93,185,Just A Friend,Mario,2cxbxpHrND6i4uvUGVvC9J
94,186,Lonely,Akon,6ls5ulRydoPE7oWGPGBqFA
95,189,Missing You,Case,74mLqaoGbdKYmgUxoVxD6S
96,190,My Love Is Your Love,Whitney Houston,1ckU1EhAO0Nr73QYw24SWJ
97,191,God Bless The U.S.A. (Proud To Be An American),American Idol Finalists,NA
98,192,Solitaire,Clay Aiken,NA
99,193,Unwell,matchbox twenty,6Bm6qUCSatPAqkQllFL7oA
100,195,Wherever You Will Go,"Calling, The",5QpaGzWp0hwB5faV8dkbAz
101,196,This Love,Maroon5,6YgV0EF8xJMZz0Zm6BTaT4
102,199,She Will Be Loved,Maroon5,7sapKrjDij2fpDVj0GxP66
103,200,It's Been Awhile,StainD,0d2YnyIPgmPQqNSzDg8s8Q
104,201,If You're Gone,matchbox twenty,2f5N826udWfjT9iomeaBJt
105,202,The Game Of Love,Santana,5Mpv9nVsGrDmCGTaYhKlRI
106,203,You And Me,Lifehouse,7L605WhF5EGf34ggj87yK6
107,206,Follow Me,Uncle Kracker,4KoecuyOpZaNFZ0UqVsllc
108,208,No More,Ruff Endz,2WfhlEjoUII31H6imnQdvF
109,209,This I Promise You,N'Sync,46n2EGFnPC3tzWCN1Aqe26
110,210,Dirt Off Your Shoulder,Jay-Z,09RtW6BK033KbAGPRmM57W
111,216,Pieces Of Me,Ashlee Simpson,7yXibbAYi4to5oQTeO738f
112,217,Girlfriend,N'Sync,6u5flhVFxKZrl9AApvf2SL
113,218,Frontin',Pharrell,0iFOG4Ki9aDmJUYUFHQlPG
114,219,Hot Boyz,"Missy ""Misdemeanor"" Elliott",7mYvtEeBdMqRSyj1Qpv6my
115,220,Hey Baby,No Doubt,0ySdXfvOy7zCc59yz2Dx8q
116,221,Wonderful,Ja Rule,1bl99Q4umnPomYGv3dQP67
117,222,Stickwitu,"Pussycat Dolls, The",4NjR63Up0uMkQBlKvlZd1l
118,231,That's The Way It Is,Celine Dion,38VJ6qYnuv3vzfjrvm389j
119,232,All You Wanted,Michelle Branch,0kr6d8wHDQPlzuET33NVn6
120,235,Show Me The Meaning Of Being Lonely,"Backstreet Boys, The",3BsaRV5QIulYz2lV9WWa8T
121,238,Beautiful,Snoop Dogg,NA
122,240,Down 4 U,Irv Gotti Presents The Inc.,NA
123,241,Fiesta,R. Kelly,16Kue5oSvbKZank8Gm8wcn
124,242,All The Small Things,Blink-182,7yCPwWs66K8Ba5lFuU2bcx
125,249,It's Over Now,112,769geiA8btidGHda4BBDOJ
126,250,The Star Spangled Banner,Whitney Houston,5qByPJHfbssZpbUzhgpDCG
127,251,Someday,Nickelback,4PkJ7c9y1CwpuVOiJODnCZ
128,252,Higher,Creed,1ZozJfi8u9cO2Ob8KwiwNT
129,253,There U Go,Pink,NA
130,258,Landslide,"Dixie Chicks, The",65nCVhtlWYUzNvcM1MYp4l
131,259,Switch,Will Smith,2bmxx16hNi3W5FGzfFO9xX
132,261,Get Ur Freak On,"Missy ""Misdemeanor"" Elliott",13KEdaWIc7T6ozEmnJjHy1
133,262,Rich Girl,Gwen Stefani,39qcvV4f0uqDMHxIkSb7tE
134,263,Let's Go,Trick Daddy,1fLibtVj3MrNTwRZq5yUOs
135,264,Wifey,Next,3NEzjZbeSCy72Kx1clSYgC
136,270,Play,David Banner,5CWyE2OcZI1HVnHBh4RrKF
137,274,Rain On Me,Ashanti,4cj3K119pTNI8cH7TgNwIz
138,275,What About Us?,Brandy,537F8BYzIMOZBl75qwCXy8
139,277,Long Time Gone,"Dixie Chicks, The",7xhhDOQa7X36TmU45uoVi6
140,279,Why Don't You & I,Santana,43LdgobPlcCc5g9Kmactvy
141,280,Why Don't You & I,Santana,43LdgobPlcCc5g9Kmactvy
142,281,What Would You Do?,City High,1tJkic0TURTCXw3rBhYgWu
143,284,Where Is The Love?,"Black Eyed Peas, The",3CNqo3gYrfexdrtjFmC9he
144,287,It Feels So Good,Sonique,5a097PAwAVU5MFYVue0xmZ
145,288,Listen To Your Heart,D.H.T.,5KqEPvurLuOoV64tNylPO6
146,289,Heaven,DJ Sammy,0KT6DLAELYSbgfUemzwGPX
147,291,Don't Let Me Get Me,Pink,2ZQ4Q9xL7W8FEgO1d4o7YH
148,292,Just Like A Pill,Pink,2Aebl2cIDLjPUvOJPH8xyH
149,294,Izzo (H.O.V.A.),Jay-Z,5girQ3KGviPdmxKBulbljr
150,296,Dance With Me,Debelah Morgan,1C2Q3AymKS17bw7T5gfq6p
151,297,Slow Down,Bobby Valentino,3SfZpKjMwvUQKGCty1dJ0T
152,298,Happy,Ashanti,6CbcdeTQKj0qTaZTt0xkdk
153,299,Gossip Folks,"Missy ""Misdemeanor"" Elliott",75DjPjiIp2fvJDjtt41Jfs
154,301,On Fire,Lloyd Banks,0B2ZuTLZnWQ6gz8RlNwBu1
155,303,Excuse Me Miss,Jay-Z,6JW8DqCEOWaj8z5AIx4ugf
156,304,Die Another Day,Madonna,4NvgRMckw4uzjNn2t7taPe
157,305,1 Thing,Amerie,6ZyNjT2hYvfV5PuW84dp1E
158,307,Get Over Yourself,Eden's Crush,NA
159,308,Check On It,Beyonce,2RWxrpsFshOBFwRBRstUlQ
160,311,Drive,Incubus,7nnWIPM5hwE3DaUBkvOIpy
161,316,Miss Independent,Kelly Clarkson,2CZi8d774dBB0wiuWMIpr8
162,317,Addictive,Truth Hurts,NA
163,321,Shape Of My Heart,"Backstreet Boys, The",35o9a4iAfLl5jRmqMX9c1D
164,324,Promise,Jagged Edge,1X1KDnhTnb28tpJlgOV3lD
165,327,Roses,OutKast,6bUNEbXT7HovLW6BgPCBsb
166,330,Mr. Brightside,"Killers, The",4Kgcv788IgBM86F1G56t7i
167,332,It's My Life,No Doubt,2fOxxLz9JVe53itq6pfBak
168,335,Nothin',N.O.R.E.,5ZKVNTG7yu7gbX4vryqS2X
169,336,So Gone,Monica,6BIcjFZIVDZxNAcofRFPx4
170,340,Emotion,Destiny's Child,01Aj44KIjCrPmZeXq4UOky
171,344,Breathe,Fabolous,7fuoqve1SOEBmhc2PoQTF0
172,345,Change Clothes,Jay-Z,1xE7osYAtzz1PvLoVdOp5E
173,347,There You'll Be,Faith Hill,1s2khOWzC99udpUaPICLJI
174,354,What About Now,Lonestar,2Fsg9at6oxnR7h6PhNcOmE
175,355,Back When,Tim McGraw,0ffJDm1cI0tc7s80Yay2cL
176,356,Ordinary Day,Vanessa Carlton,38A0qlAEbx9kP2StogKH00
177,365,Wait A Minute,Ray J,5oNgjleTRlgyNatlrsd4pD
178,367,Grindin',Clipse,10fItzbnj7iBE2nQaShNnu
179,369,The One,"Backstreet Boys, The",44kgtDJyAFv4Z01z7bIxco
180,370,Girlfriend,B2K,5UrbZaqIsclBE9IAcnG43M
181,374,99 Problems,Jay-Z,7sLpSWxQazJzDVG6YGzlVs
182,376,Like A Stone,Audioslave,3YuaBvuZqcwN3CEAyyoaei
183,378,The Best Day,George Strait,3fzDcbJZC7HoTHeH2Z1R4A
184,380,Dig In,Lenny Kravitz,0mBmE1IzBpbhfwEU4nd4ew
185,381,Without You,"Dixie Chicks, The",3W0bESUh7NcsUmJz8v04YS
186,382,Lighters Up,Lil' Kim,4eihdGG3Tga3oFq4yqCDeL
187,383,START The Commotion,"Wiseguys, The",08Ty4imIKiJwamGWHuW0y8
188,384,Celebrity,Brad Paisley,5xr4NKzmwqr0cvRMZr7cFz
189,386,Sunday Morning,Maroon5,1YI0uK36eupTmw9F8kHysr
190,387,Call Me,Tweet,2aBEchhqPDgnvjPhCgzHSx
191,388,Come A Little Closer,Dierks Bentley,4HE1X1MtjHCjxicUHYQmyW
192,389,Just Friends (Sunny),Musiq,6y7JGli1CNRmvERJitUern
193,391,I Believe,Diamond Rio,1XBlzIEr1bokhNOAFgBL6S
194,393,What Do You Say,Reba,6vow3qR7UmNXxpIHcMVb0R
195,394,Blessed,Martina McBride,45zdG2KkEnGnwtqtoKrOhK
196,396,There She Goes,Babyface,7dO7S7cAUqTUiVRqQ2v9zh
197,397,Hope,Twista,2xxx3hyrkpFgrGi6iCVx9y
198,400,I Go Back,Kenny Chesney,0Ox458KpvZQ1Kuj9mUNPLL
199,402,Come Over,Aaliyah,NA
200,403,U Already Know,112,0ahRDzkKq0KEi7FRoHb0qk
201,404,Why Can't I,Liz Phair,4z4PB23xYTg1oANmyZovsw
202,406,Dreams,"Game, The",5F7caGhe84C6ONva5S8yXF
203,409,I'm Glad,Jennifer Lopez,7AUfOfYTfiHhgg2Pw1aTpw
204,415,Welcome Back,Mase,2XQY54Im8VrO4sd2tAmiv4
205,419,Fireman,Lil' Wayne,0aq7ohTG6VDYQvsnAYtA5e
206,421,Be Yourself,Audioslave,3zwmW1gM4E8FlHXV5nE16u
207,423,Cry Baby/Piece Of My Heart,Melissa Etheridge & Joss Stone,NA
208,426,It's My Life,Bon Jovi,0v1XpBHnsbkCn7iJ9Ucr1l
209,428,Cry,Faith Hill,6mJMvtuCMZt4XXNs5zw1zx
210,433,Black Balloon,Goo Goo Dolls,3kI8fSpOQmL5ax63lBOuH3
211,435,You Make Me Sick,Pink,6z8WLLLb2kaWRXXF1WmicO
212,437,Do That..,Baby,2UuYX9gpimgG9woC5cnfV9
213,438,Bad Boy For Life,P. Diddy,2eOuL8KesslTLQERQPu11D
214,439,Young'n (Holla Back),Fabolous,NA
215,444,Seasons Of Love,Cast Of Rent,3SnXIPWciHwAS04oKdPC0l
216,445,Unbreakable,Alicia Keys,2DRcaAO76feWOoWCWP1cPp
217,446,Run,George Strait,NA
218,448,Breathless,"Corrs, The",5OQGeJ1ceykovrykZsGhqL
219,450,My Everything,98°,6wYegVJg0ftTQYPETm1ARt
220,451,Where I Come From,Alan Jackson,6ej1QJ8eIYmhsyTlvgDajy
221,452,Let Me In,Young Buck,6qkZ6D3ogNyW2YDWsz7e3z
222,454,Fall Into Me,Emerson Drive,2bVFvGBU2ihWJgMRPcav5r
223,459,I Melt,Rascal Flatts,02UnamzTn2rySwzcMkq5qx
224,461,One Night Stand,J-Shin,0GkrLimxhiGAGb2lhS2arM
225,462,Love Is Blind,Eve,0H2jfzzREOr9MF95HB7ry6
226,464,I Don't Wanna,Aaliyah,4h7wUvVV8Ff8UL7JqAByiL
227,466,The Little Girl,John Michael Montgomery,572R9OVMyWKBeg1hOMgSsW
228,467,Young,Kenny Chesney,NA
229,468,Wrapped Around,Brad Paisley,20dc1jFEG3azMMyvpHj8La
230,471,Let's Get Away,T.I.,6JkXBZm2NDnQETTHeBclgQ
231,477,When I Think About Angels,Jamie O'Neal,3ERS3R0knFUvG68792i1r1
232,478,Something More,Sugarland,3C3oknuBLo3jxhmRk67glu
233,480,Make Her Feel Good,Teairra Mari,03B0yrE4zrioHjmY05l9xz
234,481,I Hate Everything,George Strait,0CJG8Ea1rkwW0CQ5U9f5Tm
235,483,Scandalous,Mis-teeq,3stnrhzN0lzZFskbaZ5sEw
236,485,I Could Not Ask For More,Sara Evans,3TcoHf7nvC8RaDVdfIFjFR
237,486,Get Gone,Ideal,0CofintZCm8MhxiOMrauiT
238,487,Work In Progress,Alan Jackson,6CxZi34SzNa3CUssMF4nCg
239,488,Somebody,Reba McEntire,NA
240,489,Come Clean,Hilary Duff,2TZ1apxMDlubCGMsOxcTbT
241,491,Something,Lasgo,NA
242,494,Back At One,Mark Wills,7EjflQQa1KpqzJHtn7irHN
243,498,Paradise,LL Cool J,NA
244,499,Dance Tonight,Lucy Pearl,1TwVcKR6JojvPwBGbWZT36
245,501,React,Erick Sermon,4psCG36I4hy1h3qgG6o03m
246,503,Breathe,Michelle Branch,635mzxhITS1xY3AVSLKgyD
247,506,Better Days,Goo Goo Dolls,2CWYATyxjd8tOsXdyuRWUv
248,507,Summer Nights,Lil Rob,6fVCBBlHif6zfqXAEHKJy8
249,509,Uh Huh,B2K,2nBY2iQvxOIXrdlJvg7ZPo
250,510,Look What You've Done,Jet,0ZSmRnXnP5fdANtVlCok1g
251,512,The One,Gary Allan,NA
252,514,Give A Little Bit,Goo Goo Dolls,35Ms8xegBwsiqlz630Io13
253,517,4 Ever,Lil' Mo,6ubNZ5edKBKH3MQKatUY3S
254,521,That's When I Love You,Phil Vassar,1lhPhB8fdto7hvqCWljRm1
255,524,American Life,Madonna,1YhiWWFrbdd3kAVhSYDhZ7
256,525,Invisible,Clay Aiken,0O0ieeprNUzIbiOSnDg5Z0
257,534,If I Fall You're Going Down With Me,"Dixie Chicks, The",2MMZ1Llts0rTaU834P2Xct
258,535,911,Wyclef Jean,6PVOG18IfMizQqK1o031su
259,541,One Voice,Billy Gilman,3ZdA3QuqHqOJdsczRwT1hg
260,542,In A Real Love,Phil Vassar,3u8m4E4pJn43otDkw2wXBs
261,544,You Gets No Love,Faith Evans,61kG6g3btiapbSVEj3D0Hb
262,545,Maybe I Deserve,Tank,3eQTF2mOBlgMmmSzXC466a
263,546,Pump It Up,Joe Budden,7tDbbfzB1d52lWP8rq8zRZ
264,549,Baby Girl,Sugarland,6qQIH999KekS3qFWqR5qMO
265,553,The Long Goodbye,Brooks & Dunn,5RJadombAbKFFO7X8J4EHj
266,554,How To Deal,Frankie J.,05wbsMDvcaD56O4SnESOaJ
267,556,Smile,Lonestar,NA
268,557,Mamacita,Public Announcement,4ZUuOMlV8T3bNaiEwtoR3L
269,559,Dance With Me,112,6uRH1qMz30ZBwwUG0IYE5s
270,563,Love Of A Woman,Travis Tritt,7dVINsv6faqqTUelZdvd5U
271,564,Tell Her,Lonestar,6W4JTnYMuUfgceisFL6Wgx
272,565,This Is Me,Dream,1s8MNZEUhMRlCJiFzHCkTY
273,567,Clubbin,Marques Houston,1UmI1kV6HpC56GtcMtV22b
274,575,When You Tell Me That You Love Me,American Idol Finalists Season 4,56aPHHyolL6Q6uvl6S4Vrj
275,578,Lessons Learned,Tracy Lawrence,7CCvEN547vCLqIfXvrPl3G
276,579,I Cry,Ja Rule,1CP0DS790dxOfCXXp7WHDP
277,580,Red Rag Top,Tim McGraw,5xErd5QhOvTKFU7l8dffWC
278,581,If You Love Me,Mint Condition,3VZMAx8GdrO73kvTZDD8rU
279,582,Go On,George Strait,2CJM5raqQj210HjZqRzVdo
280,583,Got To Get It,Sisqo,5z17Oquw4RhTv8VaqOvDt0
281,586,My Town,Montgomery Gentry,5M8oqeozsjPMSXbkjo0SyD
282,589,I Can't Wait,Sleepy Brown,73nUchvXwFVqRvVCLyiqRV
283,590,Okay,Nivea,1e5ayf28RKanXy0NNJVANp
284,591,Must Be Nice,Lyfe Jennings,2mp3sLUNQaJ025Lx5f4AAJ
