"","Name","ID"
"1","We Belong Together","3LmvfNUQtglbTrydsdIqFU"
"2","Yeah!","5rb9QrpfcKFHM1EUbSIurX"
"3","Lose Yourself - Soundtrack Version","5Z01UMMf7V1o0MzF86s6WJ"
"4","Dilemma","0ARK753YaiJbpLUk7z5yIM"
"5","Foolish","6zMUIb4uce1CzpbjR3vMdN"
"6","Gold Digger","1PS1QMdUqOal0ai3Gt7sDQ"
"7","Hey Ya! - Radio Mix / Club Mix","3AszgPDZd9q0DpDFt4HFBy"
"8","In Da Club","4RY96Asd9IefaL3X4LOLZ8"
"9","Candy Shop","2mpFm3f7QmdsVtSAIICEB7"
"10","One, Two Step","7uKcScNXuO3MWw6LowBjW1"
"11","Hot In Herre","04KTF78FFg8sOHC1BADqbY"
"12","Family Affair","3aw9iWUQ3VrPQltgwvN9Xu"
"13","U Got It Bad","7J41dYQolQJEtj3UmKLu5r"
"14","My Boo - Main","68vgtRHr7iZHpzGpon6Jlo"
"15","How You Remind Me - LP Mix","0gmbgwZ8iqyMPmXefof8Yf"
"16","Hollaback Girl","6RcQOut9fWL6FSqeIr5M1r"
"17","Shake Ya Tailfeather - Radio","4TJduXYW1Pg96EDNnfiwxJ"
"18","U Remind Me","2QsZVnbWVSjKMXK6K3uRBL"
"19","I Knew I Loved You","68K0qD0VDqdm0eWXsGqnvM"
"20","21 Questions","41bIQPBE1lFN0mmw6Lmssz"
"21","Come on over Baby (All I Want Is You) - Radio Version","65GZzBP1qyk4zH7c8RIJYD"
"22","Drop It Like It's Hot","2NBQmPrOEEjA8VbeWOQGxO"
"23","Lean Back","2Ozc0me9PV5vlt8cokwdvI"
"24","Get Busy","7C86DVl6REN8VPeGEMOf9q"
"25","Say My Name","7H6ev70Weq6DdpZyyTmUXk"
"26","Amazed","5oQx6XZyrOOkGbme8DA9GO"
"27","Always On Time","4hrae8atte6cRlSC9a7VCO"
"28","It Wasn't Me","0OaunKfsxkgBvPv68jBbmm"
"29","Confessions Part II - Confessions Special Edition Version","7wBThXx7BGZHJJ3aN3OPvv"
"30","What a Girl Wants","2iIg5LCp81QGEpnAFDT8V4"
"31","Bootylicious","41nT1Sp6ChR65FbsdLlFHW"
"32","A Moment Like This","4kvdX9zzsix7jYHsRVkVUH"
"33","Don't Forget About Us","2hQU8LNZFUcXLUwqeABX3K"
"34","Hey Ya! - Radio Mix / Club Mix","3AszgPDZd9q0DpDFt4HFBy"
"35","Everything You Want","4cKGldbhGJniI8BrB3K6tb"
"36","With Arms Wide Open","0eKyHwckh9vQb8ncZ2DXCs"
"37","Ms. Jackson","0I3q5fE6wg7LIfHGngUTnV"
"38","Slow Jamz","32UioUCnMFsr2UN7SvDyXj"
"39","Thank God I Found You","1RS3LStQYhju50eBdD9Uul"
"40","Inside Your Heaven","25ry9EyyRsp1dDctlAclin"
"41","Hanging By A Moment","0wqOReZDnrefefEsrIGeR4"
"42","Since U Been Gone","3xrn9i8zhNZsTtcoWgQEAd"
"43","Get Low","0r2Bul2NuCViraT2zX1l5j"
"44","The Reason","4x3SQvTgvqSTU3nOL1urZh"
"45","One, Two Step","7uKcScNXuO3MWw6LowBjW1"
"46","Ignition (Remix)","3zSCNTXI7Ed0PiidZVmzIe"
"47","He Wasn't Man Enough","7f1Dmr246cJ9uQYdbplTbh"
"48","Holiday/Boulevard Of Broken Dreams","0MsrWnxQZxPAcov7c74sSo"
"49","In The End","60a0Rd6pjrkxjPbaKzXjfq"
"50","Right Thurr","0l3GEbH3CviUytD6iX4wzg"
"51","Let Me Blow Ya Mind","3RmKpob8xzv1pzHEQrMJah"
"52","Tipsy - Radio Mix","2lVDc57IMK6nypg2iuEWVR"
"53","You Sang To Me","2dwhMQsFeHr2S787WxqAqW"
"54","Pon de Replay","4TsmezEQVSZNNPv5RJ65Ov"
"55","Hit 'Em Up Style (Oops!) - Remix Radio Mix","4zYTZvtcww7OWKie7fxA9E"
"56","Magic Stick","0aULRU35N9kTj6O1xMULRR"
"57","Gangsta Lovin'","0WgLpgUdThEpA5L5K0SKq7"
"58","Rock Wit U (Awww Baby)","6pWzCKTrKrwbUPzY8RLCoP"
"59","Back At One","6mwA6YiKDjAUG8kWvRRUPh"
"60","Mesmerize","2iclfHORMqpR3TxuhwVRhD"
"61","Without Me","7lQ8MOhq6IN2w8EYcFNSUk"
"62","Survivor","2Mpj1Ul5OFPyyP4wB62Rvi"
"63","Laffy Taffy","2ajhenDRiiAnCHHjsIOHhJ"
"64","Kryptonite","6ZOBP3NvffbU4SZcrnt1k6"
"65","Disco Inferno","2bvwaRaRVF3inbXIig555h"
"66","Ride Wit Me","06iMqWThw4w8fTFyccvOwr"
"67","Underneath It All","6wFemJ1Oh4gnTalNKgtvBg"
"68","Where the Party At","5mNV8Mz59bzyuQ53gTw0c0"
"69","Thong Song","5Mmk2ii6laakqfeCT7OnVD"
"70","Lose My Breath","4dvQg9sD8k9y4qiEURuj8v"
"71","I Know What You Want","0YImOCkIJ2PWhCXaURCZnY"
"72","U Don't Have to Call","5PCJldueshnwqQVjS16543"
"73","Lovers And Friends","41PWz0hAiU9FqsmjR9Wh62"
"74","Just A Lil Bit","68IM0wOuxlrbwk0zgmi9dk"
"75","Love Don't Cost a Thing","1fgvJXlcZ7uIddMpqsqw0L"
"76","You Don't Know My Name","6LGwYMXXgURfaequXipzHx"
"77","Holidae In","0FmCLEHfINGqwlyzvklNqy"
"78","Air Force Ones","7kAFSrTIOiVZ0gnHBuAH3l"
"79","Jenny from the Block - Track Masters Remix","4ZOyH6KjomjlqCz3oFqglr"
"80","I Turn to You","4F567TdYkbgwKD7FykZLQd"
"81","Cry Me a River","7Lf7oSEVdzZqTA0kEDSlS5"
"82","Milkshake","4LmzPJDil70LpiApWfOI6O"
"83","Never Leave You (Uh Oooh, Uh Oooh)","1AjQE5MtP5jHQMyDepbvLI"
"84","I Wanna Love You Forever","5gZEhPrN1VLqTG1nIAXeNK"
"85","If I Ain't Got You","3XVBdLihbNbxUwZosxcGuJ"
"86","Differences","0O5b1927V6FbLsZRtf7idi"
"87","My Sacrifice","2VSbEXqs6NbNiZSTcHlIDR"
"88","Move Ya Body","2ndnVdR8si7CW9T8vJRHyW"
"89","Get It On Tonite","0AcLrSfAEBQcUnHOTm5pXg"
"90","Can't Let You Go (feat. Mike Shorey & Lil' Mo)","6lrRIfQDcikJ5y5DtyZPuJ"
"91","Gotta Tell You","7ccz9p1ErD6Kq5ZSQmyvLm"
"92","Luv U Better","0HJYzGavqzjiKMmm4F0UZv"
"93","The Real Slim Shady","3yfqSUWxFvZELEM4PmlwIR"
"94","Cleanin' Out My Closet","7BMO7O7ImjV8HNTH74Tshv"
"95","Here Without You","3NLrRZoMF0Lx6zTlYqeIo4"
"96","Drops of Jupiter","2hKdd3qO7cWr2Jo0Bcs0MA"
"97","A Thousand Miles","6Qm9MaditCcx5V62rVHYqu"
"98","Blurry","5ceGigL7CZQ3Ih6W8SIbv8"
"99","Bring Me To Life","0COqiPhxzoWICwFCS4eZcp"
"100","Follow Me","4KoecuyOpZaNFZ0UqVsllc"
"101","The Middle","3mcG2NI5G5vhrQtRda1YnA"
"102","I Try","5TAf4lnZCZTLlZHNZMLFLi"
"103","Dip It Low","4L55p6txv9vuCWhpNnY6eY"
"104","Turn Off The Light","7ii2YgQHs2LdNpW5feZ3RK"
"105","Rock Your Body","1AWQoqb9bSvzTjaLralEkT"
"106","Bring It All to Me","1cjBan0t4eBk2Y5j17hdyf"
"107","Since U Been Gone","3xrn9i8zhNZsTtcoWgQEAd"
"108","The Way You Love Me","6vgN6KGstss0GnBbKlMNK9"
"109","Behind These Hazel Eyes","0AKAxdNkwq9ZxRdW1DN9zW"
"110","Lonely No More","4faFAhOflLzhfJECveRwva"
"111","One Last Breath","42T2QQv3xgBlpQxaSP7lnK"
"112","Livin' It Up","0UZ5D7IZkiR3ZUYl6AK0do"
"113","Walked Outta Heaven","06ZDLodo1UDVavc3MXREZ3"
"114","Absolutely (Story of a Girl) - Radio Mix","3mNecsYFb6LQg7822DPXCP"
"115","All You Wanted","0kr6d8wHDQPlzuET33NVn6"
"116","I Need to Know","7ffwRz8lZyDOE4Vj58Lo72"
"117","Whenever, Wherever","2lnzGkdtDj5mtlcOW2yRtG"
"118","Overnight Celebrity","2tOZtdbkAMQASWokLvSlzj"
"119","Wake Me Up When September Ends","3ZffCQKLFLUvYM59XKLbVm"
"120","Splash Waterfalls","2T8hXV9LUZMDBKR5RALGEa"
"121","We Be Burnin","0lQYBEKweCLa4jF6QrTVwd"
"122","My Band","4XHQyvbrBsQaaBUW1VvmsL"
"123","Blue (Da Ba Dee) - DJ Ponte Ice Pop Radio","08VeSelC8QYD1MIsK9gAmY"
"124","Bag Lady","7BgUcOjSOlKJXASLgJ6bx1"
"125","Just Lose It","4S06iZrLlGsSqKlK6paOv8"
"126","Outta Control - Remix- Album Version (Explicit)","4fAaLjbtc1Db9EorMgaD1S"
"127","Suga Suga","14B2bUopOga5V3ypld7d6n"
"128","Country Grammar (Hot Shit)","2Lg4kvhOrPhpGEZmSe7VAN"
"129","My Immortal","4UzVcXufOhGUwF56HT7b8M"
"130","Freek-A-Leek","4MeDnO5yA2Zi6IMlVApRci"
"131","How You Gonna Act Like That","3OUApyz3jDB3syGUNGqB1d"
"132","Jaded","4iihDHIoKZdOeOW1kFDUtR"
"133","Grind With Me","3B7i9OKRRmIsSBHEbJz58Y"
"134","Gimme The Light","3SCVtAJq8li6HlKfM4M08u"
"135","Oops (Oh My) - feat. Missy Elliott","5Y0E3dOeynKuLDAXu0t0Bg"
"136","A Woman's Worth","0rimetBQIYXE3uMCbuXBUa"
"137","All Falls Down","2cYZpcIV39X48RnOFM7w2V"
"138","Can't Get You Out Of My Head","7MoKXLQeI0Bh2QodCjDO4K"
"139","Hung Up","3850dYVgOFIXJh5U4BFEWH"
"140","If I Ain't Got You","3XVBdLihbNbxUwZosxcGuJ"
"141","Sugar, We're Goin Down","2TfSHkHiFO4gRztVIkggkE"
"142","Put It On Me","0OvwzS8FX73Bw7ykMRmffU"
"143","Don't Mess With My Man - Version 1 Main (Clean)","39YovPslPCXbFYhlYjsZ2Y"
"144","Locked Up","0YUrjFy4qFKOO5NhM9tYdV"
"145","Speed Of Sound","7clUVcSOtkNWa58Gw5RfD4"
"146","Caught Up","5zdUc1JRCImBYcDWgvFNpE"
"147","In Those Jeans","5ojJNnX5ND2gMGojPd3NiO"
"148","I'm Sprung - Original","0F7rEdewJ6cSLylOZZpDu7"
"149","Die Another Day","4NvgRMckw4uzjNn2t7taPe"
"150","U Know What's Up","5PMKzsUsTpZZGsCcJBuhP2"
"151","Drift Away","0RFgvrhkf9FiDRLA0BhzpZ"
"152","Step in the Name of Love - Remix - Radio Edit","2GtFOkArU10Lr11BbVKl28"
"153","Salt Shaker","4Kd0FzFpOgIGxlBl4HXuFn"
"154","My Happy Ending","4SgbUaGlOe4sdOs3YfupWy"
"155","Love Of My Life (An Ode To Hip Hop) - Longer Album Version","0ieS2bue78yadTdPiyzsaO"
"156","Bring Em Out","7u6aTzXw1JtiK5sr7XctFs"
"157","Toxic","717TY4sfgKQm4kFbYQIzgo"
"158","I'm Like A Bird","2tP7ZekzXfduShx8C6cbll"
"159","Get It Poppin' (feat. Nelly) - Radio Version","3zdDxhDo5SycC7XSAPfdjv"
"160","Sorry 2004","4vey3VC7ZROIESUu0kgiBc"
"161","Pimpin' All Over The World","6VixoRqnikN4QqegoKUSbH"
"162","Oops!...I Did It Again","6naxalmIoLFWR0siv8dnQQ"
"163","Underneath Your Clothes","15f8Cv8RXUlOOCIf2oaceN"
"164","Beverly Hills","1yKu2MhpwzDXXH2tzG6xoa"
"165","Only Time - Original Version","6FLwmdmW77N1Pxb1aWsZmO"
"166","I'm Gonna Be Alright","3wM5rX2XnwvTtXs58D2rKw"
"167","Gotta Get Thru This - D'N'D Radio Edit","747tpec1a0Hfqvj2za1pBs"
"168","7 Days","4DDzkbIwmJVAAo1yJmr5V1"
"169","Move Bitch","1Q9b6CeMcDuO0uq5OJCrqu"
"170","Sk8er Boi","00Mb3DuaIH1kjrwOku9CGU"
"171","Never Had A Dream Come True","1rzssdgfZiGs7VAMsYN9SF"
"172","Stranger In My House","08GOEVXupC6ECbulhPGQKm"
"173","Liquid Dreams","3egMjJ5jtlH4gIlLFkQH0L"
"174","There It Go (The Whistle Song)","50UkypyQJbSQLaXHke5Yep"
"175","You Rock My World - With Intro","1Lhwn4PqeGpM4LTVUowW76"
"176","Girl On TV","4DJwdQDai9DLYBL9TNrEDo"
"177","Hemorrhage (In My Hands)","3E8eSqBoqLs8ELbrK3NJHs"
"178","I Should Have Cheated","5tFDgH6do20IXdSoNBAmXK"
"179","Here's To The Night","4tgeQrPu5xkrnwErym2JsJ"
"180","Back When - Single Version","3AHpSjsJQPyh12RBIXRpvO"
"181","(There's Gotta Be) More To Life","2x5qF66rFO6DERBMNkQAqn"
"182","So Fresh, So Clean","6glsMWIMIxQ4BedzLqGVi4"
"183","Rubber Band Man - Explicit + Buster Skit","0Gta6gzv6z2lMKwlnZj3R2"
"184","Bananza (Belly Dancer)","1bqZ94bPrrHyIpYux7rVj7"
"185","Chariot","08kTO4EW0jb07zNsCNM83w"
"186","Who Wouldn't Wanna Be Me","7MtZJEuIZ6GEKGSN7ttTkX"
"187","Don't Know Why","6ybViy2qrO9sIi41EgRJgx"
"188","Don't You Forget It","7vKYuqKAySUizIkcAl4Oal"
"189","Whats Happnin! (Feat. Trick Daddy)","6QVDBajBKQAz7RSS66k4vF"
"190","If You Ever Stop Loving Me","7zywdG4ysfC5XNBzjQAo2o"
"191","Love You Out Loud","2WsWOqZk5YKJD1WTGKihRp"
"192","Mud On the Tires","2rQyI7A1yTvTXJ9J4qFmmN"
"193","Awful Beautiful Life","5uqbTKo8Ogq1sBQ3u940Xz"
"194","Vertigo","57ZXcBtCZXSg9TVV5xRdnR"
"195","How Do You Like Me Now?!","7LimFGKop84KMDutqYaNIF"
"196","Days Go By","6MMAUZfcDKtjbljNowTCuf"
"197","Whiskey Girl","3E6t25sxh6v5FDSfIVIAOz"
"198","Three Wooden Crosses","3y1celx9jzjsbfI9T3hmvw"
"199","Nolia Clap","1tQyDQc7aUOgKGcZPj8fu2"
"200","The Hand That Feeds","5ugzDiilhy6ILKmKfhEzd7"
"201","Jesus, Take the Wheel","3lec3CzDPAxsZokPph5w87"
"202","Somewhere I Belong","1d5UuboIPRMD4HaU3yycKC"
"203","You Shouldn't Kiss Me Like This","5taqvRgn1DdZ117p2DhPXQ"
"204","Just Be A Man About It","6kD36kVRn5leDDbjXpHQY0"
"205","Stay Gone","57GZCMG6d8a2f7jKeGZSTg"
"206","Made You Look","3qRPc4QpHGNwKFAzCdqwxA"
"207","Watch The Wind Blow By","61ASMR5KshGyJMko9DOJrB"
"208","Tequila Makes Her Clothes Fall Off","33AQv3sfvHmtGfYNIJpi96"
"209","Tough Little Boys","6TZEPo10yErUtF5AtdfLY2"
"210","Rhythm Divine","067sYyLu6IdRP5bCubdSfl"
"211","Nothing On But The Radio","3SRuODYNV4j2ckkJ9Samju"
"212","Welcome Back","2XQY54Im8VrO4sd2tAmiv4"
"213","Mambo No. 5 (A Little Bit of...)","7jQBORjiir0pNSKGaHevq9"
"214","Gasolina - DJ Buddah Remix","69gRFGOWY9OMpFJgFol1u0"
"215","Culo","4tAru66VGVLWYjg90UV4vJ"
"216","Act A Fool","28mv40MzspRZn0PBcO2itT"
"217","It's A Great Day To Be Alive","3oW6SWwGqiZSPTiAp7ZQoH"
"218","Only In America","3e41nkMyqcAwaQCXJVj87G"
"219","Suds in the Bucket","6NhpIdjYoufuNNlBsgOztc"
"220","Stingy","6De63WRULDaa1fxOyLilnv"
"221","Gangsta Nation","65iyI1iybyv5ecsfBHSdUf"
"222","Mr. Mom","0jSIovJtKxEXH6vI4oRx7I"
"223","The Cowboy In Me","3cEJVcoah9EtBADt1IVFJK"
"224","Bigger Than My Body","0Jh9EBGN205Yc7JN2zZ2f1"
"225","The Voice Within","42JgHvkBiAc5ivo0gvVRvQ"
"226","The Woman with You","38svIEZx14taLmeQQfMFDv"
"227","You're My Better Half","06ySRvEnrUxZZ9ml3VO2TY"
"228","Mundian To Bach Ke (Beware Of The Boys - Jay Z Remix)","3QD2mDnbcTQNTIyJRmNmut"
"229","Helena (So Long & Goodnight)","5dTHtzHFPyi8TlTtzoz1J9"
"230","Can't Stop","3ZOEytgrvLwQaqXreDs2Jx"
"231","I'm Gonna Getcha Good! - Red Single Edit","6RH9SBaImgPfLCPEjpniVH"
"232","Gots Ta Be","7fQsv0vVQ7X2JC3Ybopu4f"
"233","Born to Fly","1zmvaeDthBdtthb4RgYr9a"
"234","Making Memories Of Us","0Sg5kWoILCs2zBoIHIsDAa"
"235","Like Toy Soldiers","3Q0mJByJRrUTZGrBFYnfCP"
"236","I'm A Hustla - Street Mix/ Dirty Version","41D6aNNTmUUd7fWlVNWMN8"
"237","I Lost It","2k6ahrUpg8CbeTjLocMQJ4"
"238","I Don't Have To Be Me ('Til Monday) - Single Version","5v1bA7NmQcQHvH9IDkeeF4"
"239","Blowin' Me Up (With Her Love)","5nOMJVZ4rsY5PpYiKD15BS"
"240","Where The Blacktop Ends","7qLQR9T8vL638MbPYCDAFk"
"241","Me Against the Music - LP Version / Video Mix","7mS8RbJji2UZAaguRGsOCH"
"242","Welcome To Atlanta - Explicit LP Version","19VTqucnxJuH6kilNdweTh"
"243","Aaron's Party (Come Get It)","4fF34Yf5KsfUbCORyLGpEj"
"244","Little Moments","7nJrhBDkUSHASFzopvgygk"
"245","Just Another Day In Paradise","4LlNoNZflek4hZyZigCxpW"
"246","I Keep Looking","6IqofHRLYynJ6lCypGrVpF"
"247","I Should Be Sleeping","28CnmZkM5CFp0ObTRQJeCw"
"248","I Breathe In, I Breathe Out","3r513lY50AOJBqaG4nP2LT"
"249","I Could Not Ask for More","3TcoHf7nvC8RaDVdfIFjFR"
"250","You Can Do It - Feat. Mack 10 And Ms Toi","4r13PlX7hKjNxdyq5ukR5A"
"251","Bring On The Rain","1OnXz5v4hVdrNLJ9N4MqzL"
"252","No Better Love","1WcQ6epJR20iJtLeXpLfeP"
"253","Feelin' On Yo Booty","5lTyodsUtmeoxOW7thRDsd"
"254","Girls Lie Too - Greatest Hits Version","0asAC0s0njDN4oWFrDraK7"
"255","Not A Day Goes By","5hPZdsAI8Jo0mhq5J829Tb"
"256","React","4psCG36I4hy1h3qgG6o03m"
"257","If It's Lovin' That You Want","4x2rgtSFOI4hRvEvDj02KP"
"258","Talk About Our Love (feat. Kanye West)","6tvOzCdhzkrJo3ASWwbSPZ"
"259","Riding With Private Malone","4yym5ZJXwvg03d4kyhLVZO"
"260","She Couldn't Change Me","3zjLEJ6EPYJHZRtWGMhMSJ"
"261","It Must Be Love","16OFkCrdYH524sqvTPt6CT"
"262","Ocean Avenue","23oxJmDc1V9uLUSmN2LIvx"
"263","Bouncin' Back (Bumpin' Me Against The Wall) - Extended Version","7LdaPYlRo4pq6CBt44To2H"
"264","But For The Grace of God","5jDnI5jmAqpvKwmpXP7VSj"
"265","Don't Take Your Love Away","1O138eHbYPa2oODCCaCGcK"
"266","Who You'd Be Today","5Vkdh8GfdXmwyJjzPewMWM"
"267","Play Something Country","7MevrbPAGEaw1IgkaBmv82"
"268","He Didn't Have to Be","1LONTBZZRxDVx4wEvdcCLd"
"269","Pretty Vegas","37oEm1l0NL6Ud2ccgsdgND"
"270","Simple Kind Of Life","6p0jnwYfrpov7CJG5Ucyzp"
"271","Dance with My Father - Radio Version","7snmvZMLdGGk3l9PcvoYSM"
"272","Fast Cars And Freedom","0CKba2KBPP9TFbh5Nf8i4P"
"273","Graduation (Friends Forever)","45V4Mk7vZV2b9JfSWuUX9m"
"274","Angry All The Time","0qC89ta2K1iqUdGu1QCHE4"
"275","You Can't Hide Beautiful","0RZcHTeLsymGyBd3hDarCm"
"276","Got Your Money (feat. Kelis)","6YYd5MLpu45J0uLrMdivF7"
"277","911","6PVOG18IfMizQqK1o031su"
"278","Prayin' For Daylight","0DAVCurdi9ZqkVUKIuikzm"
"279","Raining On Sunday","0capI6Wr0SYGiZ4fxvz5Gq"
"280","Mr. Mom","0jSIovJtKxEXH6vI4oRx7I"
"281","I Wanna Do It All","56sAXFMfTagQGl5KOxvdxt"
"282","Cowboys Like Us","7H3vzowKromvISWtOC3HWW"
"283","One Voice","3ZdA3QuqHqOJdsczRwT1hg"
"284","A Real Fine Place to Start","6O2lo7245XfRbIfpL5yRLJ"
"285","Pump It Up","7tDbbfzB1d52lWP8rq8zRZ"
"286","Did My Time","2AsTgVcWojYwQAvzgacYWy"
"287","That's What It's All About","6PToEvKwt5ZbRjgvQkgmJe"
"288","Honky Tonk Badonkadonk","1VdHooAMVaGXPSty8pifv9"
"289","You Can't Take the Honky Tonk out of the Girl","56LfnhlS3xvjtCpXWOxleW"
"290","What If She's An Angel","4avs56frsTcnjwy2KlCQ5D"
"291","Here for the Party","0SuzUhWAgStNIMZR4jEGgk"
"292","Wave on Wave","7rS87NoPWbAkVURdVFbGH9"
"293","Where Are You Going","5EjZXJ4nVpw7uI6eso1SFS"
"294","This One's for the Girls","01CnYyPXMFRzOFVQBU8WMb"
"295","Accidentally In Love","3OltYYcLZUhvho5QoRbUNr"
"296","If My Heart Had Wings","7CWUSZqFXxoWrOCP5I3tpd"
"297","Emotional Rollercoaster","3FZn2eFyPG9kSTFdwUTF6r"
"298","Tempted To Touch","7khLgMuA7m4SA6aaDv1QSv"
"299","In My Daughter's Eyes","6gagcVd6zuEScDrwDZ3O9J"
"300","Big Chips","0fMQ5ossew8lPViAF27JS6"
"301","Must Be Doin' Somethin' Right","57i0MaWyZGlWxEvNUxTMZK"
"302","Nothin' To Lose","1J0X1FrlX9tPgj2vnelTSm"
"303","When I Think About Cheatin'","4lNP8iOJWfwGDlVV4N4NBq"
"304","There Is No Arizona","3JC8cY2cecOvw51Bp61hxe"
"305","Buy Me A Rose","7pPSSx0hmERyM2LbGi0qzm"
"306","Got To Get It","5z17Oquw4RhTv8VaqOvDt0"
"307","Who Let The Dogs Out","1H5tvpoApNDxvxDexoaAUo"
"308","The Chain Of Love","68AhslXGVDKUUyHnDkORGF"
"309","Sweet Southern Comfort","0tuEEuDijBNJxcLSIrMNsU"
"310","Welcome To My Life","714Lw0m2SmCEhKSPw0Dn8J"
