"","No","Name"
"1",3,"Smooth"
"2",5,"Independent Women Part I"
"3",8,"Dear Maria, Count Me In"
"4",10,"Let Me Love You"
"5",13,"Alphabet Boy"
"6",15,"Benjamins Burn"
"7",16,"Crazy In Love"
"8",19,"All For You"
"9",22,"Still Fallin"
"10",24,"Ain't it Funny"
"11",25,"I'm Not Alright"
"12",26,"Lady Marmalade - From ""Moulin Rouge"" Soundtrack"
"13",27,"Run It"
"14",31,"Blood Stutter"
"15",33,"Hollaback Girl"
"16",35,"All I Have"
"17",42,"Doesn't Really Matter"
"18",43,"With You I Am"
"19",47,"Slow Motion"
"20",49,"It's Gonna Be Me"
"21",50,"Incomplete"
"22",52,"Alright"
"23",56,"Night of the Hunter"
"24",58,"Whiskey Bent And Hell Bound"
"25",61,"Try to Make a Fire Burn Again"
"26",62,"Not The American Average"
"27",63,"Angel Down"
"28",66,"Small Bump"
"29",69,"If I Believe You"
"30",72,"Breathe It In"
"31",82,"Don't Cha"
"32",83,"Close"
"33",85,"Do What I Want"
"34",87,"I Don’t Wanna Know"
"35",88,"Case Of The Ex (Whatcha Gonna Do)"
"36",89,"Scars To Your Beautiful"
"37",90,"Work It"
"38",94,"He Loves U Not"
"39",95,"Shake It Off"
"40",96,"Oh Lord"
"41",98,"I Need A Girl (Part One) (feat. Usher & Loon)"
"42",99,"Hate It Or Love It"
"43",100,"Whole Heart"
"44",104,"One Call Away"
"45",107,"Photograph"
"46",108,"Give Me Just One Night (Una Noche)"
"47",110,"Flying Without Wings"
"48",111,"Working for the Weekend"
"49",112,"Inside Your Heaven"
"50",114,"Miss You"
"51",115,"Thankyou for Everything"
"52",117,"Jumpin"
"53",118,"80s Mercedes"
"54",123,"Over And Over Again"
"55",124,"Don't Phunk With My Heart"
"56",126,"Lose Control"
"57",129,"Alright"
"58",132,"Soldier"
"59",133,"Hey Ma"
"60",135,"Naughty Girl"
"61",136,"80s Mercedes"
"62",137,"My Humps"
"63",138,"Never Be Like You (feat. Kai)"
"64",143,"Obsesion (No Es Amor) - Featuring Baby Bash"
"65",146,"Someone To Call My Lover"
"66",149,"Down"
"67",150,"Change My #"
"68",152,"I Don't Get Tired (#IDGT) [feat. August Alsina]"
"69",154,"Do I Wanna Know?"
"70",155,"Cups (Pitch Perfect’s “When I’m Gone”)"
"71",156,"Again"
"72",157,"CAN'T STOP THE FEELING! (Original Song from DreamWorks Animation's ""TROLLS"")"
"73",158,"CAN'T STOP THE FEELING! (Original Song from DreamWorks Animation's ""TROLLS"")"
"74",160,"Peaches"
"75",161,"How I'll Always Be"
"76",163,"Think of You (Duet with Cassadee Pope)"
"77",164,"Into You"
"78",165,"Into You"
"79",166,"Most Girls"
"80",167,"I Need A Girl Part 2"
"81",168,"Bye Bye Bye"
"82",169,"This Is How We Do It"
"83",172,"03 Bonnie & Clyde"
"84",173,"Get The Party Started"
"85",174,"Let Me Hold You (Turn Me On)"
"86",176,"Me, Myself & I"
"87",177,"Let Me Hold You (Turn Me On)"
"88",178,"Hotel California"
"89",180,"Don't Tell Anyone"
"90",181,"Oh Boy"
"91",182,"My Own Worst Enemy"
"92",184,"Soul Survivor"
"93",185,"Just A Friend"
"94",186,"Lonely Boy"
"95",189,"Missing You"
"96",190,"Your Love Is My Drug"
"97",191,"God Bless The USA"
"98",192,"Glory Of Love"
"99",193,"Unwell - Remastered Version"
"100",195,"Wherever You Will Go"
"101",196,"This Love"
"102",199,"She Will Be Loved"
"103",200,"It's Been Awhile"
"104",201,"If You're Gone"
"105",202,"The Game of Love"
"106",203,"You & Me"
"107",208,"The Cave"
"108",209,"This I Promise You"
"109",210,"Dirt Off Your Shoulder"
"110",216,"You Were Meant For Me"
"111",217,"Girlfriend"
"112",218,"Frontin' - Radio Mix/Club Mix"
"113",219,"Hot Boyz"
"114",220,"Hey Baby"
"115",221,"wonderful"
"116",222,"Stickwitu"
"117",231,"That's Just the Way It Is - 2016 Remastered"
"118",235,"Show Me The Meaning Of Being Lonely"
"119",238,"Scars To Your Beautiful"
"120",240,"Open Fire"
"121",241,"Fiesta - Remix"
"122",242,"All The Small Things"
"123",249,"Now It's Over. Now I'm Awake."
"124",250,"Star Spangled Banner - Live at Woodstock"
"125",251,"Someday"
"126",252,"Higher"
"127",253,"There U Go"
"128",258,"Landslide"
"129",259,"Switch Lanes"
"130",261,"Get Ur Freak On"
"131",262,"Rich Girl"
"132",263,"Let It Go"
"133",264,"Wifi Wifey"
"134",267,"Because Of You"
"135",270,"Hymn For The Weekend - Seeb Remix"
"136",274,"Rain on Me"
"137",275,"What About Us"
"138",277,"Long Time Gone"
"139",279,"Why Don't You Get a Job?"
"140",280,"Why Don't You Get a Job?"
"141",281,"What Would You Do"
"142",284,"Where Is The Love?"
"143",287,"Hurts so Bad (But It Feels so Good)"
"144",288,"Listen To Your Heart"
"145",289,"Locked Out Of Heaven"
"146",291,"Don't Know What It Means"
"147",292,"Just Like A Pill - Main"
"148",294,"Izzo (H.O.V.A.)"
"149",296,"I Wanna Dance with Somebody (Who Loves Me)"
"150",297,"Slow It Down"
"151",298,"Die A Happy Man"
"152",299,"Gossip Folks (feat. Ludacris)"
"153",301,"Setting the World On Fire"
"154",303,"Yo (Excuse Me Miss) - Main"
"155",305,"One Thing"
"156",307,"I Believe (Get Over Yourself)"
"157",308,"Check On It - feat. Bun B and Slim Thug"
"158",309,"Cups (Pitch Perfect’s “When I’m Gone”)"
"159",311,"No Role Modelz"
"160",316,"Miss Independent"
"161",317,"Get Ur Freak On"
"162",321,"Shape of My Heart"
"163",324,"Promise"
"164",327,"Roses"
"165",330,"Mr. Brightside"
"166",332,"First Day Of My Life"
"167",334,"I Don’t Want To Be Here Anymore"
"168",335,"Nothin on Me"
"169",336,"Best I Ever Had"
"170",340,"Sweet Emotion"
"171",344,"Breathe It In"
"172",345,"Change Clothes"
"173",347,"Say You'll Be There"
"174",354,"What About Now"
"175",356,"Ordinary World"
"176",365,"Wait a Minute"
"177",367,"Grindin'"
"178",369,"Father Stretch My Hands Pt. 1"
"179",370,"Girlfriend"
"180",374,"99 Problems"
"181",376,"Like a Rolling Stone"
"182",378,"The Best Day"
"183",380,"Gypsy In Me"
"184",381,"Sleep Without You"
"185",382,"Lighters Up"
"186",383,"Start The Commotion"
"187",384,"Celebrity Skin"
"188",386,"Sunday Morning"
"189",387,"Call on Me - Ryan Riback Remix"
"190",388,"Come a Little Closer"
"191",389,"Just Friends (Sunny)"
"192",391,"If I Believe You"
"193",393,"What Do You Say"
"194",394,"Brave"
"195",396,"There She Goes"
"196",397,"Spirits"
"197",400,"Should I Stay or Should I Go - Remastered"
"198",402,"Come Over"
"199",403,"U Already Know"
"200",404,"I Can't Tell You Why"
"201",406,"Hymn For The Weekend"
"202",409,"Glad You Came"
"203",416,"I Will Learn To Love Again"
"204",419,"Fireman - Main"
"205",421,"Be Yourself"
"206",423,"Cry Baby/Piece of My Heart (In the Style of Melissa Etheridge & Joss Stone) [Karaoke Version]"
"207",426,"First Day Of My Life"
"208",428,"Cry Baby"
"209",433,"Black Balloon"
"210",435,"You Make Me Sick"
"211",437,"Do You Want Fries With That"
"212",438,"Bad Boy For Life"
"213",439,"Young'n (Holla Back) - Radio Version [In the Style of Fabolous] {Performance Track with Demonstration Vocals}"
"214",444,"Seasons Of Love"
"215",445,"Should’ve Been Us"
"216",446,"Run the World (Girls)"
"217",448,"Breathless"
"218",450,"Love Me Harder"
"219",451,"Where I Come From"
"220",452,"Let Me In"
"221",454,"Fall Into Me"
"222",459,"I Melt With You"
"223",461,"Stand Up"
"224",462,"Love Is Blind"
"225",463,"Joy To The World"
"226",464,"I Don’t Wanna Die"
"227",466,"My Little Girl"
"228",467,"OOOUUU"
"229",468,"Wrapped Around Your Finger - Remastered 2003"
"230",471,"Let You Get Away - Extended Mix"
"231",477,"I Try to Think About Elvis"
"232",478,"Something More"
"233",480,"Make Her Feel Good"
"234",481,"I Hate Everything About You"
"235",483,"Scandalous"
"236",486,"How Did I Get Here"
"237",487,"She Talks To Angels"
"238",488,"Somebody Else"
"239",489,"Blurry"
"240",491,"Something About You"
"241",494,"Back At One"
"242",498,"Paradise"
"243",499,"Dance with Me Tonight"
"244",503,"Breathe It In"
"245",506,"Treat Her Better"
"246",507,"Summer Nights"
"247",509,"Pink Houses"
"248",510,"Look What You've Done"
"249",512,"Father Stretch My Hands Pt. 1"
"250",514,"Give A Little Bit"
"251",517,"Fire Me Up"
"252",521,"Here I Am (Just When I Thought I Was Over You)"
"253",523,"She Let Herself Go"
"254",524,"Best Day Of My Life"
"255",525,"Invisible"
"256",534,"If I Fall You're Going Down with Me"
"257",542,"In and Out of Love"
"258",544,"You Gets No Love"
"259",545,"Maybe I Deserve"
"260",549,"Hollaback Girl"
"261",553,"The Long Goodbye"
"262",554,"Discover Relax with a Thunderstorm"
"263",556,"Crooked Smile"
"264",557,"Mamacita"
"265",559,"I Wanna Dance with Somebody (Who Loves Me)"
"266",563,"What Is Love"
"267",564,"Tell Her You Love Her"
"268",565,"Remind Me"
"269",567,"Rotunda - Official Radio Edit"
"270",575,"When You Tell Me That You Love Me"
"271",578,"Life Lessons Learned the Hard Way"
"272",579,"I Cry"
"273",580,"Top Liner Rag"
"274",581,"If You Love Me"
"275",582,"Go Tell It On The Mountain"
"276",586,"Tattoos on This Town"
"277",589,"I Just Can't Wait To Be King - From ""The Lion King""/Soundtrack Version"
"278",590,"Okay"
"279",591,"Lady Killers (feat. Hoodie Allen)"
