,No,Name,Artist,
1,5,Independent Women Part I,Destiny's Child,
2,8,"Maria, Maria",Santana,
3,10,Let Me Love You,Mario,
4,13,Baby Boy,Beyoncé,
5,15,Burn,Usher,
6,16,Crazy In Love,Beyoncé,
7,19,All For You,Janet,
8,22,Fallin',Alicia Keys,
9,24,Ain't It Funny,Jennifer Lopez,
10,26,Lady Marmalade,Christina Aguilera,
11,27,Run It!,Chris Brown,
12,31,Stutter,Joe,
13,33,Music,Madonna,
14,35,All I Have,Jennifer Lopez,
15,39,Lean Back,Terror Squad,
16,42,Doesn't Really Matter,Janet,
17,43,Be With You,Enrique Iglesias,
18,47,Slow Motion,Juvenile,
19,49,It's Gonna Be Me,N'Sync,
20,50,Incomplete,Sisqo,
21,52,Butterfly,Crazy Town,
22,56,This Is The Night,Clay Aiken,
23,58,Bent,matchbox twenty,
24,61,Try Again,Aaliyah,
25,62,Stand Up,Ludacris,
26,63,Angel,Shaggy,
27,66,"Bump, Bump, Bump",B2K,
28,69,I Believe,Fantasia,
29,72,Breathe,Faith Hill,
30,74,The Reason,Hoobastank,
31,82,Don't Cha,"Pussycat Dolls, The",
32,83,Complicated,Avril Lavigne,
33,85,What's Luv?,Fat Joe,
34,88,Case Of The Ex (Whatcha Gonna Do),Mya,
35,89,Beautiful,Christina Aguilera,
36,90,Work It,"Missy ""Misdemeanor"" Elliott",
37,94,He Loves U Not,Dream,
38,95,Shake It Off,Mariah Carey,
39,96,Oh,Ciara,
40,98,I Need A Girl (Part One),P. Diddy,
41,99,Hate It Or Love It,"Game, The",
42,100,Sunshine,Lil' Flip,
43,102,Back At One,Brian McKnight,
44,104,One Call Away,Chingy,
45,106,Survivor,Destiny's Child,
46,107,Photograph,Nickelback,
47,108,Give Me Just One Night (Una Noche),98°,
48,110,Flying Without Wings,Ruben Studdard,
49,111,Loverboy,Mariah Carey,
50,112,Inside Your Heaven,Bo Bice,
51,113,Kryptonite,3 Doors Down,
52,114,Miss You,Aaliyah,
53,115,Thankyou,Dido,
54,118,Hero,Enrique Iglesias,
55,123,Over And Over,Nelly,
56,124,Don't Phunk With My Heart,"Black Eyed Peas, The",
57,129,P.I.M.P.,50 Cent,
58,132,Soldier,Destiny's Child,
59,133,Hey Ma,Cam'ron,
60,135,Naughty Girl,Beyonce,
61,136,Hero,Chad Kroeger,
62,137,My Humps,"Black Eyed Peas, The",
63,138,Like You,Bow Wow,
64,143,Obsession (No Es Amor),Frankie J.,
65,146,Someone To Call My Lover,Janet,
66,149,All Or Nothing,O-Town,
67,150,My Baby,Lil' Romeo,
68,152,Grillz,Nelly,
69,154,Do I Wanna Know?,,
70,155,When I'm Gone,3 Doors Down,
71,156,Again,Lenny Kravitz,
72,157,Picture,Kid Rock,
73,158,Picture,Kid Rock,
74,160,Peaches & Cream,112,
75,161,Damn!,YoungBloodZ,
76,163,I'm With You,Avril Lavigne,
77,164,Into You,Fabolous,
78,165,Into You,Fabolous,
79,166,Most Girls,Pink,
80,167,I Need A Girl (Part Two),P. Diddy,
81,168,Bye Bye Bye,N'Sync,
82,169,How We Do,"Game, The",
83,172,'03 Bonnie & Clyde,Jay-Z,
84,173,Get The Party Started,Pink,
85,174,Turn Me On,Kevin Lyttle,
86,176,"Me, Myself & I",Beyonce,
87,177,Let Me Hold You,Bow Wow,
88,178,Hotel,Cassidy,
89,180,Don't Tell Me,Madonna,
90,181,Oh Boy,Cam'ron,
91,182,My Place,Nelly,
92,184,Soul Survivor,Young Jeezy,
93,185,Just A Friend,Mario,
94,186,Lonely,Akon,
95,189,Missing You,Case,
96,190,My Love Is Your Love,Whitney Houston,
97,191,God Bless The U.S.A. (Proud To Be An American),American Idol Finalists,
98,192,Solitaire,Clay Aiken,
99,193,Unwell,matchbox twenty,
100,195,Wherever You Will Go,"Calling, The",
101,196,This Love,Maroon5,
102,199,She Will Be Loved,Maroon5,
103,200,It's Been Awhile,StainD,
104,201,If You're Gone,matchbox twenty,
105,202,The Game Of Love,Santana,
106,203,You And Me,Lifehouse,
107,206,Follow Me,Uncle Kracker,
108,208,No More,Ruff Endz,
109,209,This I Promise You,N'Sync,
110,210,Dirt Off Your Shoulder,Jay-Z,
111,216,Pieces Of Me,Ashlee Simpson,
112,217,Girlfriend,N'Sync,
113,218,Frontin',Pharrell,
114,219,Hot Boyz,"Missy ""Misdemeanor"" Elliott",
115,220,Hey Baby,No Doubt,
116,221,Wonderful,Ja Rule,
117,222,Stickwitu,"Pussycat Dolls, The",
118,231,That's The Way It Is,Celine Dion,
119,232,All You Wanted,Michelle Branch,
120,235,Show Me The Meaning Of Being Lonely,"Backstreet Boys, The",
121,238,Beautiful,Snoop Dogg,
122,240,Down 4 U,Irv Gotti Presents The Inc.,
123,241,Fiesta,R. Kelly,
124,242,All The Small Things,Blink-182,
125,249,It's Over Now,112,
126,250,The Star Spangled Banner,Whitney Houston,
127,251,Someday,Nickelback,
128,252,Higher,Creed,
129,253,There U Go,Pink,
130,258,Landslide,"Dixie Chicks, The",
131,259,Switch,Will Smith,
132,261,Get Ur Freak On,"Missy ""Misdemeanor"" Elliott",
133,262,Rich Girl,Gwen Stefani,
134,263,Let's Go,Trick Daddy,
135,264,Wifey,Next,
136,270,Play,David Banner,
137,274,Rain On Me,Ashanti,
138,275,What About Us?,Brandy,
139,277,Long Time Gone,"Dixie Chicks, The",
140,279,Why Don't You & I,Santana,
141,280,Why Don't You & I,Santana,
142,281,What Would You Do?,City High,
143,284,Where Is The Love?,"Black Eyed Peas, The",
144,287,It Feels So Good,Sonique,
145,288,Listen To Your Heart,D.H.T.,
146,289,Heaven,DJ Sammy,
147,291,Don't Let Me Get Me,Pink,
148,292,Just Like A Pill,Pink,
149,294,Izzo (H.O.V.A.),Jay-Z,
150,296,Dance With Me,Debelah Morgan,
151,297,Slow Down,Bobby Valentino,
152,298,Happy,Ashanti,
153,299,Gossip Folks,"Missy ""Misdemeanor"" Elliott",
154,301,On Fire,Lloyd Banks,
155,303,Excuse Me Miss,Jay-Z,
156,304,Die Another Day,Madonna,
157,305,1 Thing,Amerie,
158,307,Get Over Yourself,Eden's Crush,
159,308,Check On It,Beyonce,2RWxrpsFshOBFwRBRstUlQ
160,311,Drive,Incubus,7nnWIPM5hwE3DaUBkvOIpy
161,316,Miss Independent,Kelly Clarkson,2CZi8d774dBB0wiuWMIpr8
162,317,Addictive,Truth Hurts,
163,321,Shape Of My Heart,"Backstreet Boys, The",35o9a4iAfLl5jRmqMX9c1D
164,324,Promise,Jagged Edge,1X1KDnhTnb28tpJlgOV3lD
165,327,Roses,OutKast,6bUNEbXT7HovLW6BgPCBsb
166,330,Mr. Brightside,"Killers, The",4Kgcv788IgBM86F1G56t7i
167,332,It's My Life,No Doubt,2fOxxLz9JVe53itq6pfBak
168,335,Nothin',N.O.R.E.,5ZKVNTG7yu7gbX4vryqS2X
169,336,So Gone,Monica,6BIcjFZIVDZxNAcofRFPx4
170,340,Emotion,Destiny's Child,01Aj44KIjCrPmZeXq4UOky
171,344,Breathe,Fabolous,7fuoqve1SOEBmhc2PoQTF0
172,345,Change Clothes,Jay-Z,1xE7osYAtzz1PvLoVdOp5E
173,347,There You'll Be,Faith Hill,1s2khOWzC99udpUaPICLJI
174,354,What About Now,Lonestar,2Fsg9at6oxnR7h6PhNcOmE
175,355,Back When,Tim McGraw,0ffJDm1cI0tc7s80Yay2cL
176,356,Ordinary Day,Vanessa Carlton,38A0qlAEbx9kP2StogKH00
177,365,Wait A Minute,Ray J,5oNgjleTRlgyNatlrsd4pD
178,367,Grindin',Clipse,10fItzbnj7iBE2nQaShNnu
179,369,The One,"Backstreet Boys, The",44kgtDJyAFv4Z01z7bIxco
180,370,Girlfriend,B2K,5UrbZaqIsclBE9IAcnG43M
181,374,99 Problems,Jay-Z,7sLpSWxQazJzDVG6YGzlVs
182,376,Like A Stone,Audioslave,3YuaBvuZqcwN3CEAyyoaei
183,378,The Best Day,George Strait,3fzDcbJZC7HoTHeH2Z1R4A
184,380,Dig In,Lenny Kravitz,0mBmE1IzBpbhfwEU4nd4ew
185,381,Without You,"Dixie Chicks, The",3W0bESUh7NcsUmJz8v04YS
186,382,Lighters Up,Lil' Kim,4eihdGG3Tga3oFq4yqCDeL
187,383,START The Commotion,"Wiseguys, The",08Ty4imIKiJwamGWHuW0y8
188,384,Celebrity,Brad Paisley,5xr4NKzmwqr0cvRMZr7cFz
189,386,Sunday Morning,Maroon5,1YI0uK36eupTmw9F8kHysr
190,387,Call Me,Tweet,2aBEchhqPDgnvjPhCgzHSx
191,388,Come A Little Closer,Dierks Bentley,4HE1X1MtjHCjxicUHYQmyW
192,389,Just Friends (Sunny),Musiq,6y7JGli1CNRmvERJitUern
193,391,I Believe,Diamond Rio,1XBlzIEr1bokhNOAFgBL6S
194,393,What Do You Say,Reba,6vow3qR7UmNXxpIHcMVb0R
195,394,Blessed,Martina McBride,45zdG2KkEnGnwtqtoKrOhK
196,396,There She Goes,Babyface,7dO7S7cAUqTUiVRqQ2v9zh
197,397,Hope,Twista,2xxx3hyrkpFgrGi6iCVx9y
198,400,I Go Back,Kenny Chesney,0Ox458KpvZQ1Kuj9mUNPLL
199,402,Come Over,Aaliyah,
200,403,U Already Know,112,0ahRDzkKq0KEi7FRoHb0qk
201,404,Why Can't I,Liz Phair,4z4PB23xYTg1oANmyZovsw
202,406,Dreams,"Game, The",5F7caGhe84C6ONva5S8yXF
203,409,I'm Glad,Jennifer Lopez,7AUfOfYTfiHhgg2Pw1aTpw
204,415,Welcome Back,Mase,2XQY54Im8VrO4sd2tAmiv4
205,419,Fireman,Lil' Wayne,0aq7ohTG6VDYQvsnAYtA5e
206,421,Be Yourself,Audioslave,3zwmW1gM4E8FlHXV5nE16u
207,423,Cry Baby/Piece Of My Heart,Melissa Etheridge & Joss Stone,
208,426,It's My Life,Bon Jovi,0v1XpBHnsbkCn7iJ9Ucr1l
209,428,Cry,Faith Hill,6mJMvtuCMZt4XXNs5zw1zx
210,433,Black Balloon,Goo Goo Dolls,3kI8fSpOQmL5ax63lBOuH3
211,435,You Make Me Sick,Pink,6z8WLLLb2kaWRXXF1WmicO
212,437,Do That..,Baby,2UuYX9gpimgG9woC5cnfV9
213,438,Bad Boy For Life,P. Diddy,2eOuL8KesslTLQERQPu11D
214,439,Young'n (Holla Back),Fabolous,
215,444,Seasons Of Love,Cast Of Rent,3SnXIPWciHwAS04oKdPC0l
216,445,Unbreakable,Alicia Keys,2DRcaAO76feWOoWCWP1cPp
217,446,Run,George Strait,
218,448,Breathless,"Corrs, The",5OQGeJ1ceykovrykZsGhqL
219,450,My Everything,98°,6wYegVJg0ftTQYPETm1ARt
220,451,Where I Come From,Alan Jackson,6ej1QJ8eIYmhsyTlvgDajy
221,452,Let Me In,Young Buck,6qkZ6D3ogNyW2YDWsz7e3z
222,454,Fall Into Me,Emerson Drive,2bVFvGBU2ihWJgMRPcav5r
223,459,I Melt,Rascal Flatts,02UnamzTn2rySwzcMkq5qx
224,461,One Night Stand,J-Shin,0GkrLimxhiGAGb2lhS2arM
225,462,Love Is Blind,Eve,0H2jfzzREOr9MF95HB7ry6
226,464,I Don't Wanna,Aaliyah,4h7wUvVV8Ff8UL7JqAByiL
227,466,The Little Girl,John Michael Montgomery,572R9OVMyWKBeg1hOMgSsW
228,467,Young,Kenny Chesney,
229,468,Wrapped Around,Brad Paisley,20dc1jFEG3azMMyvpHj8La
230,471,Let's Get Away,T.I.,6JkXBZm2NDnQETTHeBclgQ
231,477,When I Think About Angels,Jamie O'Neal,3ERS3R0knFUvG68792i1r1
232,478,Something More,Sugarland,3C3oknuBLo3jxhmRk67glu
233,480,Make Her Feel Good,Teairra Mari,03B0yrE4zrioHjmY05l9xz
234,481,I Hate Everything,George Strait,0CJG8Ea1rkwW0CQ5U9f5Tm
235,483,Scandalous,Mis-teeq,3stnrhzN0lzZFskbaZ5sEw
236,485,I Could Not Ask For More,Sara Evans,3TcoHf7nvC8RaDVdfIFjFR
237,486,Get Gone,Ideal,0CofintZCm8MhxiOMrauiT
238,487,Work In Progress,Alan Jackson,6CxZi34SzNa3CUssMF4nCg
239,488,Somebody,Reba McEntire,
240,489,Come Clean,Hilary Duff,2TZ1apxMDlubCGMsOxcTbT
241,491,Something,Lasgo,
242,494,Back At One,Mark Wills,7EjflQQa1KpqzJHtn7irHN
243,498,Paradise,LL Cool J,
244,499,Dance Tonight,Lucy Pearl,1TwVcKR6JojvPwBGbWZT36
245,501,React,Erick Sermon,4psCG36I4hy1h3qgG6o03m
246,503,Breathe,Michelle Branch,635mzxhITS1xY3AVSLKgyD
247,506,Better Days,Goo Goo Dolls,2CWYATyxjd8tOsXdyuRWUv
248,507,Summer Nights,Lil Rob,6fVCBBlHif6zfqXAEHKJy8
249,509,Uh Huh,B2K,2nBY2iQvxOIXrdlJvg7ZPo
250,510,Look What You've Done,Jet,0ZSmRnXnP5fdANtVlCok1g
251,512,The One,Gary Allan,
252,514,Give A Little Bit,Goo Goo Dolls,35Ms8xegBwsiqlz630Io13
253,517,4 Ever,Lil' Mo,6ubNZ5edKBKH3MQKatUY3S
254,521,That's When I Love You,Phil Vassar,1lhPhB8fdto7hvqCWljRm1
255,524,American Life,Madonna,1YhiWWFrbdd3kAVhSYDhZ7
256,525,Invisible,Clay Aiken,0O0ieeprNUzIbiOSnDg5Z0
257,534,If I Fall You're Going Down With Me,"Dixie Chicks, The",2MMZ1Llts0rTaU834P2Xct
258,535,911,Wyclef Jean,6PVOG18IfMizQqK1o031su
259,541,One Voice,Billy Gilman,3ZdA3QuqHqOJdsczRwT1hg
260,542,In A Real Love,Phil Vassar,3u8m4E4pJn43otDkw2wXBs
261,544,You Gets No Love,Faith Evans,61kG6g3btiapbSVEj3D0Hb
262,545,Maybe I Deserve,Tank,3eQTF2mOBlgMmmSzXC466a
263,546,Pump It Up,Joe Budden,7tDbbfzB1d52lWP8rq8zRZ
264,549,Baby Girl,Sugarland,6qQIH999KekS3qFWqR5qMO
265,553,The Long Goodbye,Brooks & Dunn,5RJadombAbKFFO7X8J4EHj
266,554,How To Deal,Frankie J.,05wbsMDvcaD56O4SnESOaJ
267,556,Smile,Lonestar,
268,557,Mamacita,Public Announcement,4ZUuOMlV8T3bNaiEwtoR3L
269,559,Dance With Me,112,6uRH1qMz30ZBwwUG0IYE5s
270,563,Love Of A Woman,Travis Tritt,7dVINsv6faqqTUelZdvd5U
271,564,Tell Her,Lonestar,6W4JTnYMuUfgceisFL6Wgx
272,565,This Is Me,Dream,1s8MNZEUhMRlCJiFzHCkTY
273,567,Clubbin,Marques Houston,1UmI1kV6HpC56GtcMtV22b
274,575,When You Tell Me That You Love Me,American Idol Finalists Season 4,56aPHHyolL6Q6uvl6S4Vrj
275,578,Lessons Learned,Tracy Lawrence,7CCvEN547vCLqIfXvrPl3G
276,579,I Cry,Ja Rule,1CP0DS790dxOfCXXp7WHDP
277,580,Red Rag Top,Tim McGraw,5xErd5QhOvTKFU7l8dffWC
278,581,If You Love Me,Mint Condition,3VZMAx8GdrO73kvTZDD8rU
279,582,Go On,George Strait,2CJM5raqQj210HjZqRzVdo
280,583,Got To Get It,Sisqo,5z17Oquw4RhTv8VaqOvDt0
281,586,My Town,Montgomery Gentry,5M8oqeozsjPMSXbkjo0SyD
282,589,I Can't Wait,Sleepy Brown,73nUchvXwFVqRvVCLyiqRV
283,590,Okay,Nivea,1e5ayf28RKanXy0NNJVANp
284,591,Must Be Nice,Lyfe Jennings,2mp3sLUNQaJ025Lx5f4AAJ
